npcId,npcName,npcTitle,npcDescription,mapId,posX,posY
npc_0001,루루,마을 대표,,FOR_001,,
npc_0002,루미,상인,,FOR_001,,
npc_0003,루모,약초약초약초,,FOR_001,,
npc_0004,루라,경비병,,FOR_001,,
npc_0005,루키,,,,,
npc_0006,루나,,,,,
npc_0007,루루미,,,,,
npc_0008,루미라,,,,,
npc_0009,루라미,,,,,
npc_0010,루모키,,,,,
npc_0011,미미,,,,,
npc_0012,미루,,,,,
npc_0013,미로,,,,,
npc_0014,미라,,,,,
npc_0015,미쿠,,,,,
npc_0016,미피,,,,,
npc_0017,미루미,,,,,
npc_0018,미라루,,,,,
npc_0019,미쿠토,,,,,
npc_0020,미피라,,,,,
npc_0021,모모,,,,,
npc_0022,모루,,,,,
npc_0023,모라,,,,,
npc_0024,모미,,,,,
npc_0025,모키,,,,,
npc_0026,모쿠,,,,,
npc_0027,모루미,,,,,
npc_0028,모라키,,,,,
npc_0029,모미라,,,,,
npc_0030,나나,,,,,
npc_0031,나루,,,,,
npc_0032,나미,,,,,
npc_0033,나키,,,,,
npc_0034,나포,,,,,
npc_0035,나쿠,,,,,
npc_0036,나루미,,,,,
npc_0037,나미라,,,,,
npc_0038,나키루,,,,,
npc_0039,나쿠미,,,,,
npc_0040,나포키,,,,,
npc_0041,피피,,,,,
npc_0042,피루,,,,,
npc_0043,피로,,,,,
npc_0044,피라,,,,,
npc_0045,피미,,,,,
npc_0046,피키,,,,,
npc_0047,피루미,,,,,
npc_0048,피라미,,,,,
npc_0049,피키루,,,,,
npc_0050,피미라,,,,,
npc_0051,토토,,,,,
npc_0052,토루,,,,,
npc_0053,토미,,,,,
npc_0054,토라,,,,,
npc_0055,토키,,,,,
npc_0056,토쿠,,,,,
npc_0057,토루미,,,,,
npc_0058,토라키,,,,,
npc_0059,토미라,,,,,
npc_0060,토쿠미,,,,,
npc_0061,키키,,,,,
npc_0062,키루,,,,,
npc_0063,키미,,,,,
npc_0064,키라,,,,,
npc_0065,키쿠,,,,,
npc_0066,키루미,,,,,
npc_0067,키라미,,,,,
npc_0068,키미루,,,,,
npc_0069,키쿠라,,,,,
npc_0070,쿠쿠,,,,,
npc_0071,쿠루,,,,,
npc_0072,쿠미,,,,,
npc_0073,쿠라,,,,,
npc_0074,쿠키,,,,,
npc_0075,쿠루미,,,,,
npc_0076,쿠라미,,,,,
npc_0077,쿠미라,,,,,
npc_0078,쿠키루,,,,,
npc_0079,라라,,,,,
npc_0080,라루,,,,,
npc_0081,라미,,,,,
npc_0082,라키,,,,,
npc_0083,라루미,,,,,
npc_0084,라미루,,,,,
npc_0085,라키루,,,,,
npc_0086,라루키,,,,,
npc_0087,루모라미,,,,,
npc_0088,미루키라,,,,,
npc_0089,모라미루,,,,,
npc_0090,나루미키,,,,,
npc_0091,피라미루,,,,,
npc_0092,루미라토,,,,,
npc_0093,루키라미,,,,,
npc_0094,미키루나,,,,,
npc_0095,모쿠라미,,,,,
npc_0096,나미루키,,,,,
npc_0097,피쿠라미,,,,,
npc_0098,토루미라,,,,,
npc_0099,키루미라,,,,,
npc_0100,루루미라,,,,,
npc_0101,,,,,,
npc_0102,,,,,,
npc_0103,,,,,,
npc_0104,,,,,,
npc_0105,,,,,,
npc_0106,,,,,,
npc_0107,,,,,,
npc_0108,,,,,,
npc_0109,,,,,,
npc_0110,,,,,,
npc_0111,,,,,,
npc_0112,,,,,,
npc_0113,,,,,,
npc_0114,,,,,,
npc_0115,,,,,,
npc_0116,,,,,,
npc_0117,,,,,,
npc_0118,,,,,,
npc_0119,,,,,,
npc_0120,,,,,,
npc_0121,,,,,,
npc_0122,,,,,,
npc_0123,,,,,,
npc_0124,,,,,,
npc_0125,,,,,,
npc_0126,,,,,,
npc_0127,,,,,,
npc_0128,,,,,,
npc_0129,,,,,,
npc_0130,,,,,,
npc_0131,,,,,,
npc_0132,,,,,,
npc_0133,,,,,,
npc_0134,,,,,,
npc_0135,,,,,,
npc_0136,,,,,,
npc_0137,,,,,,
npc_0138,,,,,,
npc_0139,,,,,,
npc_0140,,,,,,
npc_0141,,,,,,
npc_0142,,,,,,
npc_0143,,,,,,
npc_0144,,,,,,
npc_0145,,,,,,
npc_0146,,,,,,
npc_0147,,,,,,
npc_0148,,,,,,
npc_0149,,,,,,
npc_0150,,,,,,
npc_0151,,,,,,
npc_0152,,,,,,
npc_0153,,,,,,
npc_0154,,,,,,
npc_0155,,,,,,
npc_0156,,,,,,
npc_0157,,,,,,
npc_0158,,,,,,
npc_0159,,,,,,
npc_0160,,,,,,
npc_0161,,,,,,
npc_0162,,,,,,
npc_0163,,,,,,
npc_0164,,,,,,
npc_0165,,,,,,
npc_0166,,,,,,
npc_0167,,,,,,
npc_0168,,,,,,
npc_0169,,,,,,
npc_0170,,,,,,
npc_0171,,,,,,
npc_0172,,,,,,
npc_0173,,,,,,
npc_0174,,,,,,
npc_0175,,,,,,
npc_0176,,,,,,
npc_0177,,,,,,
npc_0178,,,,,,
npc_0179,,,,,,
npc_0180,,,,,,
npc_0181,,,,,,
npc_0182,,,,,,
npc_0183,,,,,,
npc_0184,,,,,,
npc_0185,,,,,,
npc_0186,,,,,,
npc_0187,,,,,,
npc_0188,,,,,,
npc_0189,,,,,,
npc_0190,,,,,,
npc_0191,,,,,,
npc_0192,,,,,,
npc_0193,,,,,,
npc_0194,,,,,,
npc_0195,,,,,,
npc_0196,,,,,,
npc_0197,,,,,,
npc_0198,,,,,,
npc_0199,,,,,,
npc_0200,,,,,,
npc_0201,,,,,,
npc_0202,,,,,,
npc_0203,,,,,,
npc_0204,,,,,,
npc_0205,,,,,,
npc_0206,,,,,,
npc_0207,,,,,,
npc_0208,,,,,,
npc_0209,,,,,,
npc_0210,,,,,,
npc_0211,,,,,,
npc_0212,,,,,,
npc_0213,,,,,,
npc_0214,,,,,,
npc_0215,,,,,,
npc_0216,,,,,,
npc_0217,,,,,,
npc_0218,,,,,,
npc_0219,,,,,,
npc_0220,,,,,,
npc_0221,,,,,,
npc_0222,,,,,,
npc_0223,,,,,,
npc_0224,,,,,,
npc_0225,,,,,,
npc_0226,,,,,,
npc_0227,,,,,,
npc_0228,,,,,,
npc_0229,,,,,,
npc_0230,,,,,,
npc_0231,,,,,,
npc_0232,,,,,,
npc_0233,,,,,,
npc_0234,,,,,,
npc_0235,,,,,,
npc_0236,,,,,,
npc_0237,,,,,,
npc_0238,,,,,,
npc_0239,,,,,,
npc_0240,,,,,,
npc_0241,,,,,,
npc_0242,,,,,,
npc_0243,,,,,,
npc_0244,,,,,,
npc_0245,,,,,,
npc_0246,,,,,,
npc_0247,,,,,,
npc_0248,,,,,,
npc_0249,,,,,,
npc_0250,,,,,,
npc_0251,,,,,,
npc_0252,,,,,,
npc_0253,,,,,,
npc_0254,,,,,,
npc_0255,,,,,,
npc_0256,,,,,,
npc_0257,,,,,,
npc_0258,,,,,,
npc_0259,,,,,,
npc_0260,,,,,,
npc_0261,,,,,,
npc_0262,,,,,,
npc_0263,,,,,,
npc_0264,,,,,,
npc_0265,,,,,,
npc_0266,,,,,,
npc_0267,,,,,,
npc_0268,,,,,,
npc_0269,,,,,,
npc_0270,,,,,,
npc_0271,,,,,,
npc_0272,,,,,,
npc_0273,,,,,,
npc_0274,,,,,,
npc_0275,,,,,,
npc_0276,,,,,,
npc_0277,,,,,,
npc_0278,,,,,,
npc_0279,,,,,,
npc_0280,,,,,,
npc_0281,,,,,,
npc_0282,,,,,,
npc_0283,,,,,,
npc_0284,,,,,,
npc_0285,,,,,,
npc_0286,,,,,,
npc_0287,,,,,,
npc_0288,,,,,,
npc_0289,,,,,,
npc_0290,,,,,,
npc_0291,,,,,,
npc_0292,,,,,,
npc_0293,,,,,,
npc_0294,,,,,,
npc_0295,,,,,,
npc_0296,,,,,,
npc_0297,,,,,,
npc_0298,,,,,,
npc_0299,,,,,,
npc_0300,,,,,,
npc_0301,,,,,,
npc_0302,,,,,,
npc_0303,,,,,,
npc_0304,,,,,,
npc_0305,,,,,,
npc_0306,,,,,,
npc_0307,,,,,,
npc_0308,,,,,,
npc_0309,,,,,,
npc_0310,,,,,,
npc_0311,,,,,,
npc_0312,,,,,,
npc_0313,,,,,,
npc_0314,,,,,,
npc_0315,,,,,,
npc_0316,,,,,,
npc_0317,,,,,,
npc_0318,,,,,,
npc_0319,,,,,,
npc_0320,,,,,,
npc_0321,,,,,,
npc_0322,,,,,,
npc_0323,,,,,,
npc_0324,,,,,,
npc_0325,,,,,,
npc_0326,,,,,,
npc_0327,,,,,,
npc_0328,,,,,,
npc_0329,,,,,,
npc_0330,,,,,,
npc_0331,,,,,,
npc_0332,,,,,,
npc_0333,,,,,,
npc_0334,,,,,,
npc_0335,,,,,,
npc_0336,,,,,,
npc_0337,,,,,,
npc_0338,,,,,,
npc_0339,,,,,,
npc_0340,,,,,,
npc_0341,,,,,,
npc_0342,,,,,,
npc_0343,,,,,,
npc_0344,,,,,,
npc_0345,,,,,,
npc_0346,,,,,,
npc_0347,,,,,,
npc_0348,,,,,,
npc_0349,,,,,,
npc_0350,,,,,,
npc_0351,,,,,,
npc_0352,,,,,,
npc_0353,,,,,,
npc_0354,,,,,,
npc_0355,,,,,,
npc_0356,,,,,,
npc_0357,,,,,,
npc_0358,,,,,,
npc_0359,,,,,,
npc_0360,,,,,,
npc_0361,,,,,,
npc_0362,,,,,,
npc_0363,,,,,,
npc_0364,,,,,,
npc_0365,,,,,,
npc_0366,,,,,,
npc_0367,,,,,,
npc_0368,,,,,,
npc_0369,,,,,,
npc_0370,,,,,,
npc_0371,,,,,,
npc_0372,,,,,,
npc_0373,,,,,,
npc_0374,,,,,,
npc_0375,,,,,,
npc_0376,,,,,,
npc_0377,,,,,,
npc_0378,,,,,,
npc_0379,,,,,,
npc_0380,,,,,,
npc_0381,,,,,,
npc_0382,,,,,,
npc_0383,,,,,,
npc_0384,,,,,,
npc_0385,,,,,,
npc_0386,,,,,,
npc_0387,,,,,,
npc_0388,,,,,,
npc_0389,,,,,,
npc_0390,,,,,,
npc_0391,,,,,,
npc_0392,,,,,,
npc_0393,,,,,,
npc_0394,,,,,,
npc_0395,,,,,,
npc_0396,,,,,,
npc_0397,,,,,,
npc_0398,,,,,,
npc_0399,,,,,,
npc_0400,,,,,,
npc_0401,,,,,,
npc_0402,,,,,,
npc_0403,,,,,,
npc_0404,,,,,,
npc_0405,,,,,,
npc_0406,,,,,,
npc_0407,,,,,,
npc_0408,,,,,,
npc_0409,,,,,,
npc_0410,,,,,,
npc_0411,,,,,,
npc_0412,,,,,,
npc_0413,,,,,,
npc_0414,,,,,,
npc_0415,,,,,,
npc_0416,,,,,,
npc_0417,,,,,,
npc_0418,,,,,,
npc_0419,,,,,,
npc_0420,,,,,,
npc_0421,,,,,,
npc_0422,,,,,,
npc_0423,,,,,,
npc_0424,,,,,,
npc_0425,,,,,,
npc_0426,,,,,,
npc_0427,,,,,,
npc_0428,,,,,,
npc_0429,,,,,,
npc_0430,,,,,,
npc_0431,,,,,,
npc_0432,,,,,,
npc_0433,,,,,,
npc_0434,,,,,,
npc_0435,,,,,,
npc_0436,,,,,,
npc_0437,,,,,,
npc_0438,,,,,,
npc_0439,,,,,,
npc_0440,,,,,,
npc_0441,,,,,,
npc_0442,,,,,,
npc_0443,,,,,,
npc_0444,,,,,,
npc_0445,,,,,,
npc_0446,,,,,,
npc_0447,,,,,,
npc_0448,,,,,,
npc_0449,,,,,,
npc_0450,,,,,,
npc_0451,,,,,,
npc_0452,,,,,,
npc_0453,,,,,,
npc_0454,,,,,,
npc_0455,,,,,,
npc_0456,,,,,,
npc_0457,,,,,,
npc_0458,,,,,,
npc_0459,,,,,,
npc_0460,,,,,,
npc_0461,,,,,,
npc_0462,,,,,,
npc_0463,,,,,,
npc_0464,,,,,,
npc_0465,,,,,,
npc_0466,,,,,,
npc_0467,,,,,,
npc_0468,,,,,,
npc_0469,,,,,,
npc_0470,,,,,,
npc_0471,,,,,,
npc_0472,,,,,,
npc_0473,,,,,,
npc_0474,,,,,,
npc_0475,,,,,,
npc_0476,,,,,,
npc_0477,,,,,,
npc_0478,,,,,,
npc_0479,,,,,,
npc_0480,,,,,,
npc_0481,,,,,,
npc_0482,,,,,,
npc_0483,,,,,,
npc_0484,,,,,,
npc_0485,,,,,,
npc_0486,,,,,,
npc_0487,,,,,,
npc_0488,,,,,,
npc_0489,,,,,,
npc_0490,,,,,,
npc_0491,,,,,,
npc_0492,,,,,,
npc_0493,,,,,,
npc_0494,,,,,,
npc_0495,,,,,,
npc_0496,,,,,,
npc_0497,,,,,,
npc_0498,,,,,,
npc_0499,,,,,,
npc_0500,,,,,,
npc_0501,,,,,,
npc_0502,,,,,,
npc_0503,,,,,,
npc_0504,,,,,,
npc_0505,,,,,,
npc_0506,,,,,,
npc_0507,,,,,,
npc_0508,,,,,,
npc_0509,,,,,,
npc_0510,,,,,,
npc_0511,,,,,,
npc_0512,,,,,,
npc_0513,,,,,,
npc_0514,,,,,,
npc_0515,,,,,,
npc_0516,,,,,,
npc_0517,,,,,,
npc_0518,,,,,,
npc_0519,,,,,,
npc_0520,,,,,,
npc_0521,,,,,,
npc_0522,,,,,,
npc_0523,,,,,,
npc_0524,,,,,,
npc_0525,,,,,,
npc_0526,,,,,,
npc_0527,,,,,,
npc_0528,,,,,,
npc_0529,,,,,,
npc_0530,,,,,,
npc_0531,,,,,,
npc_0532,,,,,,
npc_0533,,,,,,
npc_0534,,,,,,
npc_0535,,,,,,
npc_0536,,,,,,
npc_0537,,,,,,
npc_0538,,,,,,
npc_0539,,,,,,
npc_0540,,,,,,
npc_0541,,,,,,
npc_0542,,,,,,
npc_0543,,,,,,
npc_0544,,,,,,
npc_0545,,,,,,
npc_0546,,,,,,
npc_0547,,,,,,
npc_0548,,,,,,
npc_0549,,,,,,
npc_0550,,,,,,
npc_0551,,,,,,
npc_0552,,,,,,
npc_0553,,,,,,
npc_0554,,,,,,
npc_0555,,,,,,
npc_0556,,,,,,
npc_0557,,,,,,
npc_0558,,,,,,
npc_0559,,,,,,
npc_0560,,,,,,
npc_0561,,,,,,
npc_0562,,,,,,
npc_0563,,,,,,
npc_0564,,,,,,
npc_0565,,,,,,
npc_0566,,,,,,
npc_0567,,,,,,
npc_0568,,,,,,
npc_0569,,,,,,
npc_0570,,,,,,
npc_0571,,,,,,
npc_0572,,,,,,
npc_0573,,,,,,
npc_0574,,,,,,
npc_0575,,,,,,
npc_0576,,,,,,
npc_0577,,,,,,
npc_0578,,,,,,
npc_0579,,,,,,
npc_0580,,,,,,
npc_0581,,,,,,
npc_0582,,,,,,
npc_0583,,,,,,
npc_0584,,,,,,
npc_0585,,,,,,
npc_0586,,,,,,
npc_0587,,,,,,
npc_0588,,,,,,
npc_0589,,,,,,
npc_0590,,,,,,
npc_0591,,,,,,
npc_0592,,,,,,
npc_0593,,,,,,
npc_0594,,,,,,
npc_0595,,,,,,
npc_0596,,,,,,
npc_0597,,,,,,
npc_0598,,,,,,
npc_0599,,,,,,
npc_0600,,,,,,
npc_0601,,,,,,
npc_0602,,,,,,
npc_0603,,,,,,
npc_0604,,,,,,
npc_0605,,,,,,
npc_0606,,,,,,
npc_0607,,,,,,
npc_0608,,,,,,
npc_0609,,,,,,
npc_0610,,,,,,
npc_0611,,,,,,
npc_0612,,,,,,
npc_0613,,,,,,
npc_0614,,,,,,
npc_0615,,,,,,
npc_0616,,,,,,
npc_0617,,,,,,
npc_0618,,,,,,
npc_0619,,,,,,
npc_0620,,,,,,
npc_0621,,,,,,
npc_0622,,,,,,
npc_0623,,,,,,
npc_0624,,,,,,
npc_0625,,,,,,
npc_0626,,,,,,
npc_0627,,,,,,
npc_0628,,,,,,
npc_0629,,,,,,
npc_0630,,,,,,
npc_0631,,,,,,
npc_0632,,,,,,
npc_0633,,,,,,
npc_0634,,,,,,
npc_0635,,,,,,
npc_0636,,,,,,
npc_0637,,,,,,
npc_0638,,,,,,
npc_0639,,,,,,
npc_0640,,,,,,
npc_0641,,,,,,
npc_0642,,,,,,
npc_0643,,,,,,
npc_0644,,,,,,
npc_0645,,,,,,
npc_0646,,,,,,
npc_0647,,,,,,
npc_0648,,,,,,
npc_0649,,,,,,
npc_0650,,,,,,
npc_0651,,,,,,
npc_0652,,,,,,
npc_0653,,,,,,
npc_0654,,,,,,
npc_0655,,,,,,
npc_0656,,,,,,
npc_0657,,,,,,
npc_0658,,,,,,
npc_0659,,,,,,
npc_0660,,,,,,
npc_0661,,,,,,
npc_0662,,,,,,
npc_0663,,,,,,
npc_0664,,,,,,
npc_0665,,,,,,
npc_0666,,,,,,
npc_0667,,,,,,
npc_0668,,,,,,
npc_0669,,,,,,
npc_0670,,,,,,
npc_0671,,,,,,
npc_0672,,,,,,
npc_0673,,,,,,
npc_0674,,,,,,
npc_0675,,,,,,
npc_0676,,,,,,
npc_0677,,,,,,
npc_0678,,,,,,
npc_0679,,,,,,
npc_0680,,,,,,
npc_0681,,,,,,
npc_0682,,,,,,
npc_0683,,,,,,
npc_0684,,,,,,
npc_0685,,,,,,
npc_0686,,,,,,
npc_0687,,,,,,
npc_0688,,,,,,
npc_0689,,,,,,
npc_0690,,,,,,
npc_0691,,,,,,
npc_0692,,,,,,
npc_0693,,,,,,
npc_0694,,,,,,
npc_0695,,,,,,
npc_0696,,,,,,
npc_0697,,,,,,
npc_0698,,,,,,
npc_0699,,,,,,
npc_0700,,,,,,
npc_0701,,,,,,
npc_0702,,,,,,
npc_0703,,,,,,
npc_0704,,,,,,
npc_0705,,,,,,
npc_0706,,,,,,
npc_0707,,,,,,
npc_0708,,,,,,
npc_0709,,,,,,
npc_0710,,,,,,
npc_0711,,,,,,
npc_0712,,,,,,
npc_0713,,,,,,
npc_0714,,,,,,
npc_0715,,,,,,
npc_0716,,,,,,
npc_0717,,,,,,
npc_0718,,,,,,
npc_0719,,,,,,
npc_0720,,,,,,
npc_0721,,,,,,
npc_0722,,,,,,
npc_0723,,,,,,
npc_0724,,,,,,
npc_0725,,,,,,
npc_0726,,,,,,
npc_0727,,,,,,
npc_0728,,,,,,
npc_0729,,,,,,
npc_0730,,,,,,
npc_0731,,,,,,
npc_0732,,,,,,
npc_0733,,,,,,
npc_0734,,,,,,
npc_0735,,,,,,
npc_0736,,,,,,
npc_0737,,,,,,
npc_0738,,,,,,
npc_0739,,,,,,
npc_0740,,,,,,
npc_0741,,,,,,
npc_0742,,,,,,
npc_0743,,,,,,
npc_0744,,,,,,
npc_0745,,,,,,
npc_0746,,,,,,
npc_0747,,,,,,
npc_0748,,,,,,
npc_0749,,,,,,
npc_0750,,,,,,
npc_0751,,,,,,
npc_0752,,,,,,
npc_0753,,,,,,
npc_0754,,,,,,
npc_0755,,,,,,
npc_0756,,,,,,
npc_0757,,,,,,
npc_0758,,,,,,
npc_0759,,,,,,
npc_0760,,,,,,
npc_0761,,,,,,
npc_0762,,,,,,
npc_0763,,,,,,
npc_0764,,,,,,
npc_0765,,,,,,
npc_0766,,,,,,
npc_0767,,,,,,
npc_0768,,,,,,
npc_0769,,,,,,
npc_0770,,,,,,
npc_0771,,,,,,
npc_0772,,,,,,
npc_0773,,,,,,
npc_0774,,,,,,
npc_0775,,,,,,
npc_0776,,,,,,
npc_0777,,,,,,
npc_0778,,,,,,
npc_0779,,,,,,
npc_0780,,,,,,
npc_0781,,,,,,
npc_0782,,,,,,
npc_0783,,,,,,
npc_0784,,,,,,
npc_0785,,,,,,
npc_0786,,,,,,
npc_0787,,,,,,
npc_0788,,,,,,
npc_0789,,,,,,
npc_0790,,,,,,
npc_0791,,,,,,
npc_0792,,,,,,
npc_0793,,,,,,
npc_0794,,,,,,
npc_0795,,,,,,
npc_0796,,,,,,
npc_0797,,,,,,
npc_0798,,,,,,
npc_0799,,,,,,
npc_0800,,,,,,
npc_0801,,,,,,
npc_0802,,,,,,
npc_0803,,,,,,
npc_0804,,,,,,
npc_0805,,,,,,
npc_0806,,,,,,
npc_0807,,,,,,
npc_0808,,,,,,
npc_0809,,,,,,
npc_0810,,,,,,
npc_0811,,,,,,
npc_0812,,,,,,
npc_0813,,,,,,
npc_0814,,,,,,
npc_0815,,,,,,
npc_0816,,,,,,
npc_0817,,,,,,
npc_0818,,,,,,
npc_0819,,,,,,
npc_0820,,,,,,
npc_0821,,,,,,
npc_0822,,,,,,
npc_0823,,,,,,
npc_0824,,,,,,
npc_0825,,,,,,
npc_0826,,,,,,
npc_0827,,,,,,
npc_0828,,,,,,
npc_0829,,,,,,
npc_0830,,,,,,
npc_0831,,,,,,
npc_0832,,,,,,
npc_0833,,,,,,
npc_0834,,,,,,
npc_0835,,,,,,
npc_0836,,,,,,
npc_0837,,,,,,
npc_0838,,,,,,
npc_0839,,,,,,
npc_0840,,,,,,
npc_0841,,,,,,
npc_0842,,,,,,
npc_0843,,,,,,
npc_0844,,,,,,
npc_0845,,,,,,
npc_0846,,,,,,
npc_0847,,,,,,
npc_0848,,,,,,
npc_0849,,,,,,
npc_0850,,,,,,
npc_0851,,,,,,
npc_0852,,,,,,
npc_0853,,,,,,
npc_0854,,,,,,
npc_0855,,,,,,
npc_0856,,,,,,
npc_0857,,,,,,
npc_0858,,,,,,
npc_0859,,,,,,
npc_0860,,,,,,
npc_0861,,,,,,
npc_0862,,,,,,
npc_0863,,,,,,
npc_0864,,,,,,
npc_0865,,,,,,
npc_0866,,,,,,
npc_0867,,,,,,
npc_0868,,,,,,
npc_0869,,,,,,
npc_0870,,,,,,
npc_0871,,,,,,
npc_0872,,,,,,
npc_0873,,,,,,
npc_0874,,,,,,
npc_0875,,,,,,
npc_0876,,,,,,
npc_0877,,,,,,
npc_0878,,,,,,
npc_0879,,,,,,
npc_0880,,,,,,
npc_0881,,,,,,
npc_0882,,,,,,
npc_0883,,,,,,
npc_0884,,,,,,
npc_0885,,,,,,
npc_0886,,,,,,
npc_0887,,,,,,
npc_0888,,,,,,
npc_0889,,,,,,
npc_0890,,,,,,
npc_0891,,,,,,
npc_0892,,,,,,
npc_0893,,,,,,
npc_0894,,,,,,
npc_0895,,,,,,
npc_0896,,,,,,
npc_0897,,,,,,
npc_0898,,,,,,
npc_0899,,,,,,
npc_0900,,,,,,
npc_0901,,,,,,
npc_0902,,,,,,
npc_0903,,,,,,
npc_0904,,,,,,
npc_0905,,,,,,
npc_0906,,,,,,
npc_0907,,,,,,
npc_0908,,,,,,
npc_0909,,,,,,
npc_0910,,,,,,
npc_0911,,,,,,
npc_0912,,,,,,
npc_0913,,,,,,
npc_0914,,,,,,
npc_0915,,,,,,
npc_0916,,,,,,
npc_0917,,,,,,
npc_0918,,,,,,
npc_0919,,,,,,
npc_0920,,,,,,
npc_0921,,,,,,
npc_0922,,,,,,
npc_0923,,,,,,
npc_0924,,,,,,
npc_0925,,,,,,
npc_0926,,,,,,
npc_0927,,,,,,
npc_0928,,,,,,
npc_0929,,,,,,
npc_0930,,,,,,
npc_0931,,,,,,
npc_0932,,,,,,
npc_0933,,,,,,
npc_0934,,,,,,
npc_0935,,,,,,
npc_0936,,,,,,
npc_0937,,,,,,
npc_0938,,,,,,
npc_0939,,,,,,
npc_0940,,,,,,
npc_0941,,,,,,
npc_0942,,,,,,
npc_0943,,,,,,
npc_0944,,,,,,
npc_0945,,,,,,
npc_0946,,,,,,
npc_0947,,,,,,
npc_0948,,,,,,
npc_0949,,,,,,
npc_0950,,,,,,
npc_0951,,,,,,
npc_0952,,,,,,
npc_0953,,,,,,
npc_0954,,,,,,
npc_0955,,,,,,
npc_0956,,,,,,
npc_0957,,,,,,
npc_0958,,,,,,
npc_0959,,,,,,
npc_0960,,,,,,
npc_0961,,,,,,
npc_0962,,,,,,
npc_0963,,,,,,
npc_0964,,,,,,
npc_0965,,,,,,
npc_0966,,,,,,
npc_0967,,,,,,
npc_0968,,,,,,
npc_0969,,,,,,
npc_0970,,,,,,
npc_0971,,,,,,
npc_0972,,,,,,
npc_0973,,,,,,
npc_0974,,,,,,
npc_0975,,,,,,
npc_0976,,,,,,
npc_0977,,,,,,
npc_0978,,,,,,
npc_0979,,,,,,
npc_0980,,,,,,
npc_0981,,,,,,
npc_0982,,,,,,
npc_0983,,,,,,
npc_0984,,,,,,
npc_0985,,,,,,
npc_0986,,,,,,
npc_0987,,,,,,
npc_0988,,,,,,
npc_0989,,,,,,
npc_0990,,,,,,
npc_0991,,,,,,
npc_0992,,,,,,
npc_0993,,,,,,
npc_0994,,,,,,
npc_0995,,,,,,
npc_0996,,,,,,
npc_0997,,,,,,
npc_0998,,,,,,
npc_0999,,,,,,